patient_id,sex,age,smoking,heavy_drinking,htn,dyslipidemia,dm,antithrombotic,mrs_4w,mrs_6m,sbp_admission,wfns_grade,tmt_right,tmt_left,tmt_mean,tma_right,tma_left,treatment,vp_shunt,height_cm,weight_kg,tp,albumin,wbc,lymphocyte_pct,lymphocyte_abs,nlr,tc,tg,hdl,ldl,glucose,hba1c,bnp,fisher_grade,aneurysm_location,aneurysm_size_mm,poor_outcome_4w,poor_outcome_6m
1,M,32,1,1,1,0,0,0,0,0,170,2,4.5,5.4,4.95,391,202,Clipping,,170,91.2,7.4,5.1,141.2,48.9,6904.68,1.044989775,,,,,122,,,3,Anterior communicating artery,5.9,0,0
2,M,32,0,1,0,0,0,0,0,0,156,2,4.8,5.35,5.075,124,202,Clipping,,175,74,7.3,4.4,104.7,42.9,4491.63,1.331002331,,,,,,,,1,Middle cerebral artery,6,0,0
3,M,33,1,0,0,0,0,0,0,0,127,1,8.65,8.16,8.405,412,441,Coiling,0,170,58,7.5,4.8,91.5,43.7,3998.55,1.288329519,179,65,59.8,108,,,,3,Internal carotid artery,8.6,0,0
4,M,34,,,,,,,2,2,,3,8.07,8.63,8.35,417,373,Clipping,,174,71,6.7,4.6,152.3,50.2,7645.46,0.9920318725,,,,,152,,,3,Middle cerebral artery,12,0,0
5,M,39,1,0,0,0,0,0,0,0,130,3,5.69,3.97,4.83,288,186,Coiling,0,160,44,7.4,4.7,167.6,13.6,2279.36,6.352941176,196,45,,,163,,,3,Posterior cerebral artery,4.79,0,0
6,M,39,0,0,0,0,0,0,0,0,140,1,7.44,6.78,7.11,454,375,Clipping,0,181,100,7.1,4.5,87,26.9,2340.3,2.717472119,,,,,160,5.3,,3,Anterior communicating artery,13,0,0
7,M,41,1,0,1,0,0,0,4,2,219,4,11.4,14.4,12.9,832,753,Clipping,0,171,76.4,8.5,5.3,237.1,7.9,1873.09,11.65822785,239,422,59.8,135,218,5.4,,3,Middle cerebral artery,6.63,1,0
8,F,43,0,0,0,0,0,0,0,0,141,2,5.5,5.6,5.55,235,210,Clipping,0,155,53,6.7,3.9,123.4,7.7,950.18,11.98701299,170,48,91.9,73,111,5.1,,3,Internal carotid artery,6.8,0,0
9,M,43,1,1,0,0,0,0,1,1,168,1,7.92,7.57,7.745,542,506,Clipping,0,,,7.5,4.8,89.9,21.4,1923.86,3.672897196,,,,,,,,2,Middle cerebral artery,10,0,0
10,M,44,0,0,1,0,0,0,2,2,161,2,5.77,6.43,6.1,388,230,Clipping,0,172,77,7.2,4.6,161.7,55,8893.5,0.8181818182,,,,,,,,4,Anterior communicating artery,5,0,0
11,F,44,1,1,1,0,0,0,5,5,100,5,8.35,8.99,8.67,336,385,Clipping,0,162,49.7,6.2,3.5,166.2,16,2659.2,5.25,282,537,79.1,134,287,5.3,,3,Anterior cerebral artery,8.51,1,1
12,M,45,1,0,1,0,0,0,0,0,178,4,10.2,6.3,8.25,423,267,Clipping,0,152,49,7.2,4,106.4,16.2,1723.68,5.172839506,,,,,,5.1,,4,Anterior cerebral artery,8,0,0
13,F,45,1,1,1,0,1,0,6,6,177,5,,,,,,Coiling,,175,75,,,,,,,,,,,,,,3,Vertebral artery,,1,1
14,F,46,0,0,1,0,0,0,0,0,156,2,2.34,4.6,3.47,109,154,Clipping,0,157,57,7.6,4.5,50.3,28.4,1428.52,2.521126761,165,40,,,118,10,,3,Middle cerebral artery,9.62,0,0
15,M,46,0,1,0,0,0,0,6,6,167,5,6,5.7,5.85,,,Conservative therapy,0,174,63,5.5,3.6,119,66.4,7901.6,0.5060240964,,,,,,,,3,Undetermined ,,1,1
16,M,47,0,0,0,0,0,0,0,0,142,1,9.2,10.9,10.05,653,449,Clipping,0,167,72,7.8,4.6,50.8,44.7,2270.76,1.237136465,196,129,58.2,128,103,5.6,,2,Anterior communicating artery,3,0,0
17,M,47,0,0,0,0,0,0,0,0,,3,5.4,4.38,4.89,271,243,Clipping,1,166,60,7.4,4.8,121.6,15.3,1860.48,5.535947712,219,146,,,140,,,4,Internal carotid artery,7,0,0
18,F,48,0,1,1,0,0,0,2,2,102,2,3.91,5.2,4.555,294,279,Clipping,0,158,45,7.4,5.1,105,14.9,1564.5,5.711409396,,,93.8,87,231,,,3,Internal carotid artery,4.13,0,0
19,F,49,0,0,1,0,0,0,0,0,177,2,6.77,6.58,6.675,334,314,Clipping,0,148,55,8.2,4.5,114.2,36.2,4134.04,1.762430939,177,89,67.4,101,155,5.9,,3,Middle cerebral artery,5,0,0
20,F,49,0,1,0,0,0,0,6,6,104,2,,,,,,Conservative therapy,0,150,60,7.1,4.3,130,13.5,1755,6.407407407,189,69,49.7,123,,5.6,,3,Vertebral artery,,1,1
21,F,49,1,1,0,0,0,0,6,6,107,4,3.9,3.9,3.9,239,309,Clipping,,,,6.1,3.9,127.9,53.6,6855.44,0.8656716418,167,112,72.8,77,276,5.6,,3,Internal carotid artery,27,1,1
22,F,51,,,,,,,2,2,,4,7.38,7.25,7.315,323,288,Clipping,1,155,57,7.8,5.2,199.3,7.8,1554.54,11.82051282,,,,,175,,,3,Internal carotid artery,4,0,0
23,F,51,1,0,1,1,0,0,0,0,140,2,4.3,3.93,4.115,123,81,Clipping,0,153,63,6.9,4.2,152.8,6.7,1023.76,13.92537313,,101,,,,6.7,,3,Anterior communicating artery,5,0,0
24,M,51,0,0,1,0,0,1,1,1,196,2,6.78,5.93,6.355,439,380,Coiling,0,164,71.8,7.8,4.8,126.5,41.4,5237.1,1.415458937,204,237,59,116,,5.8,,3,Internal carotid artery,6,0,0
25,M,51,1,1,0,0,0,0,3,2,189,2,8.34,8.63,8.485,452,545,Clipping,1,174,56.4,7.1,4.2,101,48,4848,1.083333333,192,189,67.2,103,201,5.3,,3,Anterior communicating artery,7.12,1,0
26,F,51,0,0,1,0,0,0,0,0,142,1,5.42,4.94,5.18,266,215,Clipping,0,162,59,7.4,4.1,101.7,19.5,1983.15,4.128205128,198,138,,114,120,5.7,,3,Middle cerebral artery,4,0,0
27,F,51,1,0,0,0,0,0,0,0,137,1,7.97,5,6.485,328,321,Coiling,1,154,56,7.3,4.6,75.7,20.6,1559.42,3.854368932,,,,,131,,,3,Anterior communicating artery,5,0,0
28,F,51,,,,,,,2,2,,2,6.8,6.1,6.45,452,350,Clipping,0,161,63,7.3,4.7,73.8,8.5,627.3,10.76470588,,,,,,,,2,Internal carotid artery,8,0,0
29,M,53,,,,,,,6,6,255,5,6.97,5.8,6.385,465,,Conservative therapy,,,,,,,,,,,,,,,,,3,Undetermined ,,1,1
30,F,54,1,0,1,0,0,0,0,0,112,2,10.56,11,10.78,875,826,Clipping,0,170.3,91.7,7.8,4.6,229.5,8.1,1858.95,11.34567901,176,174,42.4,107,180,5.7,,3,Anterior communicating artery,5,0,0
31,M,54,1,0,0,0,0,0,5,5,189,5,4.5,4.5,4.5,215,311,Clipping,1,176,59,7.8,5,235.9,3.7,872.83,26.02702703,,,,,,,,4,Anterior communicating artery,5,1,1
32,F,54,0,0,0,1,0,0,0,0,163,2,7.36,6.3,6.83,269,208,Clipping,0,160,74.2,7.2,4.9,130.3,63.4,8261.02,0.5772870662,206,87,59.5,128,,6.5,,3,Anterior communicating artery,6,0,0
33,M,55,0,0,,0,0,0,2,2,160,4,4.7,7,5.85,254,565,Clipping,0,166,54.5,7.5,4.4,93.2,4.3,400.76,22.25581395,193,72,47.7,126,175,5.2,,4,Middle cerebral artery,3.99,0,0
34,M,56,,,1,0,0,0,5,2,151,2,8.1,5.7,6.9,573,495,Coiling,1,177,63.7,6.7,3.9,85.8,56.2,4821.96,0.7793594306,246,227,48.8,227,114,5.9,,3,Vertebral artery,4.95,1,0
35,M,56,1,1,,,,,6,6,,5,5.56,6.79,6.175,200,388,Conservative therapy,,,,5.7,3.7,77.6,61.1,4741.36,0.6366612111,,93,60.3,117,302,5.7,,3,Undetermined ,,1,1
36,M,57,1,1,1,0,0,0,0,0,142,2,7.15,7.64,7.395,361,339,Clipping,0,163,64.6,7,4,83.5,32.8,2738.8,2.048780488,170,270,66.6,73,106,5.6,,3,Internal carotid artery,4.3,0,0
37,M,57,1,1,,,,0,6,6,300,5,6.7,5.8,6.25,409,407,Conservative therapy,0,164,53.2,8.3,5.3,197.5,3.5,691.25,27.57142857,192,201,,,,6.1,,3,Middle cerebral artery,10,1,1
38,M,57,1,1,1,0,1,0,2,2,158,1,,,,,,Clipping,,178,86,,,,,,,,,,,,,,3,Internal carotid artery,,0,0
39,M,57,,,,,,,0,0,,3,9.16,8.35,8.755,742,500,Clipping,1,168,53,,,,,,,,,,,,,,4,Anterior cerebral artery,3,0,0
40,F,58,1,0,0,0,0,0,0,0,164,2,4.5,6,5.25,239,356,Clipping,0,155,52.2,6.6,4,126.7,7.2,912.24,12.88888889,161,80,33.9,109,119,6.1,,3,Middle cerebral artery,9.4,0,0
41,F,58,0,0,0,0,0,0,0,0,174,4,5.67,4.51,5.09,213,216,Clipping,0,150,45,6.9,4,88.2,68.5,6041.7,0.4598540146,,,60,126,204,6.1,,3,Anterior communicating artery,4.55,0,0
42,M,59,0,0,0,0,1,0,0,0,120,1,11.7,11.2,11.45,550,672,Clipping,0,162,51,,,,,,,,,,,,,,3,Anterior communicating artery,3,0,0
43,M,59,0,0,1,0,0,0,1,1,178,4,9,5,7,502,365,Clipping,0,162,59,6.6,3.9,84.7,53.4,4522.98,0.872659176,,,,,,,,3,Middle cerebral artery,4.2,0,0
44,F,59,0,0,0,0,0,0,6,6,157,4,5.23,4.82,5.025,150,170,Conservative therapy,0,158,51,7.1,4.2,89.6,59.8,5358.08,0.6722408027,284,1337,47.3,121,211,,,3,Middle cerebral artery,4.5,1,1
45,F,59,1,1,1,0,0,0,0,0,196,2,4.83,2.77,3.8,120,34,Clipping,0,155,52,7.5,4.4,60.9,41.2,2509.08,1.427184466,174,102,43.9,106,163,6.1,17.1,3,Internal carotid artery,5,0,0
46,M,59,1,0,0,0,0,0,5,5,117,5,5.83,5.6,5.715,262,207,Clipping,0,160,53.6,7.2,4.3,234.4,12.6,2953.44,6.936507937,,122,46.8,,,6,,3,Anterior communicating artery,6.37,1,1
47,F,59,0,0,1,1,1,0,0,0,184,1,5.9,5.26,5.58,432,237,Clipping,0,156.3,53.2,7.7,5.2,116.7,77.6,9055.92,0.2886597938,,100,,,111,,,3,Middle cerebral artery,5.2,0,0
48,F,59,0,,0,0,0,1,0,0,121,1,,,,,,Coiling,0,157,45.1,6.5,4.1,,,,,174,81,70.9,93,114,5.5,,3,Vertebral artery,,0,0
49,F,60,0,0,1,0,0,0,0,0,208,2,5.1,3.8,4.45,244,228,Clipping,0,153,39.2,7,4.2,,,,,226,74,86.5,127,173,6.1,,3,Anterior cerebral artery,3.2,0,0
50,F,60,0,0,1,0,0,0,0,0,,1,4.83,4.5,4.665,237,213,Clipping,0,151,39,,,,,,,,,,,,,,2,Internal carotid artery,4,0,0
51,M,60,1,,0,0,0,0,5,5,152,4,4.5,3.9,4.2,225,135,Clipping,0,165,69.6,7.6,4.3,145.3,7,1017.1,13.28571429,,208,,,153,6.2,26.8,3,Internal carotid artery,6.1,1,1
52,M,60,1,0,1,0,0,0,0,0,161,1,3.52,4.69,4.105,245,215,Clipping,,170,66,,,,,,,,,,,,,,3,Anterior cerebral artery,,0,0
53,M,61,1,0,0,0,0,0,1,1,107,3,4.68,6.91,5.795,553,603,Clipping,0,160,85,6.6,4.1,88.7,14.5,1286.15,5.896551724,154,87,,,97,,,4,Middle cerebral artery,6.41,0,0
54,F,61,0,0,0,0,0,0,6,6,121,5,5.6,3.6,4.6,178,111,Clipping,0,157,50,7.1,4.7,69,57.4,3960.6,0.7421602787,,107,77.6,165,185,,,4,Internal carotid artery,26,1,1
55,F,61,0,0,0,0,0,0,0,0,120,1,6.98,5.09,6.035,407,386,Clipping,0,158,53,7.6,4.7,66,22.3,1471.8,3.484304933,,,,,,,,3,Anterior cerebral artery,8,0,0
56,M,62,1,1,1,0,0,0,0,0,150,1,8.65,5.9,7.275,569,278,Clipping,0,174,64,7.2,4.4,76.5,35.4,2708.1,1.824858757,,250,,,,5.5,,2,Anterior communicating artery,9,0,0
57,M,62,1,1,1,0,0,0,2,1,175,3,6.5,7.6,7.05,593,460,Clipping,,176,,6.4,3.9,150.2,18.3,2748.66,4.464480874,176,122,56,109,243,5.5,,4,Middle cerebral artery,11,0,0
58,F,62,0,0,0,0,0,0,0,0,143,1,8.3,6.43,7.365,510,300,Clipping,0,154,52,7.2,4.4,68.3,38.5,2629.55,1.597402597,,,,,,,,2,Internal carotid artery,,0,0
59,M,62,0,0,0,0,0,0,0,0,110,1,6.15,5.47,5.81,454,360,Clipping,1,171,74,7.2,3.9,58.5,28.9,1690.65,2.460207612,,,,,,,,3,Anterior communicating artery,3,0,0
60,F,63,0,0,1,0,0,0,5,5,,2,2.2,1.3,1.75,50,50,Clipping,1,156,41,,,,,,,,,,,,,,4,Middle cerebral artery,5,1,1
61,F,63,0,0,0,0,0,0,0,0,127,2,6.87,5.28,6.075,259,148,Clipping,0,155,52,7.4,4.6,107.5,57.8,6213.5,0.7301038062,195,91,47.7,129,158,5.7,,3,Middle cerebral artery,6.8,0,0
62,F,63,,,0,0,0,0,0,0,147,2,8.09,8.01,8.05,318,217,Clipping,0,156,38,7.9,5.2,63.5,11.8,749.3,7.474576271,,,,,257,5.3,,3,Posterior cerebral artery,7.88,0,0
63,M,63,1,0,0,1,0,0,6,6,,5,,,,,,Conservative therapy,0,170,70,7.4,4.8,69.9,55.9,3907.41,0.7889087657,161,64,,,151,5.4,,4,Middle cerebral artery,15,1,1
64,F,63,0,0,0,0,0,0,0,0,136,2,,,,,,Clipping,0,146,45,7.5,4.3,114,16.3,1858.2,5.134969325,,,,,173,,,2,Internal carotid artery,5,0,0
65,M,63,1,0,1,0,0,0,0,0,171,2,6.19,7.546,6.868,385,386,Clipping,0,171,72,6.7,4.2,149.8,32.7,4898.46,2.058103976,217,187,51.8,146,156,5.8,,3,Anterior communicating artery,5.73,0,0
66,F,63,0,0,0,0,0,0,0,0,150,2,4.4,5.62,5.01,369,218,Clipping,0,162,65,8.4,5,97,22.2,2153.4,3.504504505,224,138,69.8,142,189,6.2,,3,Middle cerebral artery,7,0,0
67,F,63,0,0,1,0,0,0,4,4,107,4,3.1,3.3,3.2,103,133,Clipping,0,150,39,7.6,3.3,86.7,8.1,702.27,11.34567901,,,,,,,,4,Middle cerebral artery,8,1,1
68,F,64,0,0,0,0,0,0,2,2,,3,5,,5,,,Clipping,0,154,63,7.2,4.7,138.7,12.7,1761.49,6.874015748,230,236,,,230,5.5,,2,Middle cerebral artery,3,0,0
69,F,64,0,0,1,0,0,0,5,5,136,4,2.05,3.1,2.575,55,123,Clipping,1,150,40,,,,,,,,,,,,,,4,Middle cerebral artery,3.2,1,1
70,M,64,1,0,0,0,0,0,5,5,194,4,5.22,5.9,5.56,320,298,Clipping,1,164,41,7,4.4,74.7,44,3286.8,1.272727273,,,,,,,,4,Anterior cerebral artery,3.5,1,1
71,F,65,0,0,1,0,0,0,0,0,186,2,5.92,4.56,5.24,398,339,Clipping,0,154,56.3,7.6,4.5,106,39.1,4144.6,1.557544757,,,,,175,,,3,Internal carotid artery,5.81,0,0
72,F,65,0,0,0,0,0,0,5,5,,5,5.78,4.7,5.24,300,248,Clipping,1,158,47,7.9,4.5,77.8,37.7,2933.06,1.652519894,208,177,89.7,104,179,5.3,,4,Middle cerebral artery,10,1,1
73,F,65,0,0,1,1,0,0,0,0,100,2,5.91,6.47,6.19,403,301,Clipping,0,151,51.5,6.4,4,50.7,45.2,2291.64,1.212389381,157,82,50,88,139,6,,2,Anterior communicating artery,2.7,0,0
74,M,65,0,1,0,0,1,0,6,6,,5,4.4,5.7,5.05,315,311,Clipping,0,169,68,5.5,1.7,124,10.3,1277.2,8.708737864,,,,,136,,,4,Anterior communicating artery,3,1,1
75,F,66,0,0,0,0,0,0,0,0,149,1,2.3,3,2.65,108,140,Clipping,0,158,48,8.1,4.8,108,16,1728,5.25,,,,,134,,,3,Anterior communicating artery,2.3,0,0
76,F,66,0,0,1,0,0,0,6,6,220,5,5.7,4.9,5.3,283,389,Conservative therapy,0,150.5,48.1,9.3,3,80.7,50.3,4059.21,0.9880715706,,94,43.4,72,155,5.7,,3,Middle cerebral artery,3.5,1,1
77,M,67,1,,,,,1,3,3,200,4,4.08,4.54,4.31,255,194,Clipping,1,175,58.1,7.2,4.2,92.6,31.4,2907.64,2.184713376,122,73,35.8,167,62,,,3,Anterior communicating artery,3.5,1,1
78,M,67,1,0,1,0,0,0,0,0,155,1,6.8,6.98,6.89,355,321,Clipping,0,170,79,6.8,3.8,104.4,15.6,1628.64,5.41025641,168,58,42.2,121,,,,2,Middle cerebral artery,3.7,0,0
79,F,67,0,0,0,0,0,0,5,5,180,5,3.1,3.9,3.5,135,164,Clipping,0,,,7.4,3.7,81.6,49.1,4006.56,1.036659878,184,163,57.3,112,168,6,,3,Middle cerebral artery,8.3,1,1
80,M,67,1,0,0,0,0,0,0,0,178,2,5.8,6.7,6.25,206,291,Clipping,0,156,44,7.4,4.1,96.9,7.2,697.68,12.88888889,197,35,,89,142,5.3,65.5,3,Anterior cerebral artery,9.32,0,0
81,F,68,0,0,0,0,0,0,6,6,148,5,4.7,5.1,4.9,194,98,Clipping,0,158,58,6.5,4,108.9,56.5,6152.85,0.7699115044,,,,,,,,4,Middle cerebral artery,8,1,1
82,M,68,0,0,1,0,0,0,3,1,,4,8.99,7.95,8.47,399,490,Clipping,0,170,58,7.4,4.1,159.9,5.9,943.41,15.94915254,227,92,83.7,135,244,5.9,,3,Internal carotid artery,9.76,1,0
83,M,69,0,1,0,0,0,0,6,6,200,4,5.5,5.93,5.715,210,303,Clipping,0,165,60.1,7.1,4.5,91.1,54.3,4946.73,0.8416206262,,,,,152,,,3,Posterior cerebral artery,2,1,1
84,F,69,0,0,0,0,0,0,0,0,102,5,6.19,5.62,5.905,254,268,Clipping,0,148,55.5,6.8,4.3,66,61,4026,0.6393442623,187,168,47.3,118,121,5.8,,3,Middle cerebral artery,6.22,0,0
85,F,69,0,0,0,0,0,0,0,0,153,4,6.7,6.9,6.8,256,326,Clipping,0,156.5,51.9,7,4.3,104,22.7,2360.8,3.405286344,233,71,62.5,159,143,,,3,Anterior communicating artery,6.54,0,0
86,F,70,0,,1,1,0,0,1,0,144,1,3.412,3.29,3.351,112,140,Clipping,0,143,42.5,7.8,4.6,55.6,25.7,1428.92,2.891050584,202,51,74,114,101,5.4,,3,Internal carotid artery,2.9,0,0
87,F,70,0,0,1,0,1,1,2,2,,2,5.4,4.93,5.165,310,195,Clipping,1,150,50,6.3,3.4,61.9,10,619,9,,114,73.8,146,182,7.4,,3,Anterior cerebral artery,4,0,0
88,F,70,,,,,,,2,2,,2,4.7,3.1,3.9,228,100,Clipping,0,143,42,7.3,4.1,87.3,27,2357.1,2.703703704,234,,,,180,5.8,,3,Internal carotid artery,5,0,0
89,F,70,,,1,0,0,0,2,2,226,2,4.2,3.7,3.95,216,226,Clipping,0,160,52.4,7.9,4.7,99,40,3960,1.5,240,179,57.1,154,205,,,3,Internal carotid artery,6.3,0,0
90,F,71,0,0,0,0,0,0,0,0,174,2,2.82,2.39,2.605,78,111,Clipping,1,140,36.9,6.3,3.1,89.4,9.8,876.12,9.204081633,192,73,51.1,128,140,5.6,,2,Anterior communicating artery,6,0,0
91,F,71,0,,0,0,0,0,0,0,127,2,3.93,2.64,3.285,119,127,Clipping,0,155,60,6.5,4,64.2,17.9,1149.18,4.586592179,175,129,45.1,112,165,6.2,,3,Anterior cerebral artery,6.6,0,0
92,F,71,0,0,0,0,0,0,0,0,110,1,7.38,6.83,7.105,620,445,Clipping,0,150,41,6.9,4.1,144.1,4.8,691.68,19.83333333,197,91,55.7,130,155,,,3,Anterior cerebral artery,8,0,0
93,F,71,,,0,0,0,0,6,6,213,5,3.14,1.81,2.475,90,80.7,Conservative therapy,0,,,5.5,2.9,81.5,27.1,2208.65,2.6900369,,,,,372,,,2,Undetermined ,,1,1
94,F,71,1,1,0,1,0,0,0,0,133,1,3.42,2.98,3.2,161,173,Clipping,1,150,52,7.7,4.1,74.9,10,749,9,,70,63.6,117,187,6.6,,3,Middle cerebral artery,7,0,0
95,F,71,,0,0,0,1,0,4,2,168,2,8.5,5.9,7.2,466,348,Clipping,1,155,50,7,4.5,80,41,3280,1.43902439,130,82,39,72,98,6.6,,4,Internal carotid artery,7,1,0
96,M,71,1,0,1,0,0,0,6,6,,5,5.9,5.78,5.84,381,329,Conservative therapy,0,169,66.6,6.2,4,43.6,40.8,1778.88,1.450980392,,,,,250,,,4,Undetermined ,,1,1
97,M,72,0,0,1,0,0,0,6,6,235,5,7.5,8,7.75,409,423,Conservative therapy,0,155.2,59,7,4.7,101.8,49.3,5018.74,1.028397566,176,132,66.3,96,,7.1,,4,Internal carotid artery,17,1,1
98,F,72,0,0,0,0,0,0,0,0,157,2,After craniotomy,7.3,7.3,After craniotomy,181,Coiling,1,153,48,7.3,4.3,74.9,8,599.2,11.5,185,77,63,111,129,5.5,,3,Basilar artery,2.78,0,0
99,M,73,1,1,1,1,0,,0,0,180,1,7.7,7.25,7.475,486,656,Clipping,0,174,82,7.5,4.5,78.9,32.2,2540.58,2.105590062,,160,50.4,74,,5.9,,1,Anterior cerebral artery,3,0,0
100,F,73,0,0,1,0,0,0,5,5,195,2,3.4,4.6,4,194,189,Clipping,0,149,51.6,7.1,4.3,110.9,13.3,1474.97,6.518796992,,126,53.5,166,,5.7,,3,Anterior cerebral artery,4,1,1
101,F,73,0,0,1,0,1,0,0,0,182,1,4.5,5.6,5.05,147,187,Clipping,0,143,45.3,6.6,4.3,67.1,50.7,3401.97,0.9723865878,135,57,73.5,49,149,5.9,,2,Posterior cerebral artery,5,0,0
102,F,73,1,1,1,0,0,0,4,4,152,4,7.25,5.69,6.47,173,167,Clipping,1,150,55.8,6.2,3.3,92.6,2.6,240.76,37.46153846,171,40,48.7,106,163,5.8,,3,Anterior communicating artery,10,1,1
103,M,73,1,0,1,0,0,0,5,5,180,5,6.6,6.7,6.65,544,516,Clipping,1,173,82,6.8,4.2,188.5,23.9,4505.15,3.184100418,192,195,,127,,,,4,Anterior communicating artery,10,1,1
104,F,73,1,1,1,0,1,0,5,4,167,2,5.74,5.28,5.51,358,249,Clipping,1,155,69.8,7.2,4.2,105.6,13.8,1457.28,6.246376812,259,197,76.8,156,139,6,,4,Middle cerebral artery,13,1,1
105,F,73,0,0,0,0,1,0,0,0,151,2,5.81,3.46,4.635,120,84,Clipping,0,155,34.7,5.6,3.1,53.5,44.2,2364.7,1.262443439,288,101,82,193,96,5.6,,3,Middle cerebral artery,3,0,0
106,F,73,0,,1,1,,0,0,0,142,2,1.96,2.8,2.38,119,89,Clipping,0,150,50,7.4,4.6,141,14.9,2100.9,5.711409396,255,111,86.7,156,209,6,,3,Anterior cerebral artery,5.68,0,0
107,F,74,1,0,0,0,0,0,6,6,242,4,2.63,1.37,2,100,96,Clipping,0,150,50,8,3.8,25,70,1750,0.4285714286,214,132,,134,137,,,3,Anterior communicating artery,6,1,1
108,F,74,0,0,0,0,0,0,2,2,157,2,After craniotomy,5.61,5.61,After craniotomy,131,Coiling,1,153,48,7.3,4.3,74.9,8,599.2,11.5,185,77,63,111,129,5.5,,3,Basilar artery,2.78,0,0
109,F,74,1,1,1,,1,0,2,2,174,2,6.96,4.51,5.735,200,189,Clipping,0,152,48.4,8.1,4.4,78.4,30.7,2406.88,2.25732899,,,,,198,6.5,,3,Internal carotid artery,8.3,0,0
110,M,75,,,,,,,1,1,,3,8.6,5.8,7.2,651,490,Clipping,1,,,7.1,4.2,136.7,9.1,1243.97,9.989010989,,,,,299,6.5,,3,Anterior communicating artery,4,0,0
111,F,75,0,0,1,0,0,0,2,2,145,2,6,4.6,5.3,189,242,Coiling,0,150,48,6.3,3.9,75.4,22.7,1711.58,3.405286344,147,132,52,76,150,5.1,,3,Basilar artery,5.1,0,0
112,F,75,0,0,0,0,0,0,2,2,158,2,8.07,6.02,7.045,467,358,Clipping,1,155,41,7.8,4.5,177.5,5.2,923,18.23076923,,,,,,,,3,Basilar artery,3,0,0
113,F,76,0,0,0,0,0,0,0,0,155,1,5.94,4.94,5.44,214,183,Clipping,0,159,44.3,6.3,3.7,74.4,6,446.4,15.66666667,,,,,,,,3,Middle cerebral artery,2.67,0,0
114,F,76,0,0,1,1,1,0,0,0,225,2,4.57,3.31,3.94,109,110,Clipping,0,142,56.9,,3,162.7,7.9,1285.33,11.65822785,221,206,,106,134,6,135,2,Anterior communicating artery,2.7,0,0
115,M,76,0,0,1,0,0,0,0,0,157,2,7.57,7.44,7.505,375,464,Clipping,0,176,59.8,,3.6,115.4,4.1,473.14,23.3902439,187,104,,117,417,5.8,235.7,3,Internal carotid artery,9.19,0,0
116,F,76,0,0,1,0,0,0,6,6,105,5,5.235,4.64,4.9375,99,120,Conservative therapy,0,,,6.8,3.9,96,46.4,4454.4,1.155172414,,,,,,,,4,Undetermined ,,1,1
117,F,76,0,0,1,1,,1,6,6,150,4,4.91,4.5,4.705,119,190,Clipping,0,153,60.5,,4.2,116.5,49.8,5801.7,1.008032129,,,,,146,5.5,,4,Middle cerebral artery,7.02,1,1
118,F,76,0,0,1,0,0,0,5,5,154,4,5.51,3.39,4.45,99,75,Clipping,1,145,49,6,4,123,11.3,1389.9,7.849557522,,,,,248,5.6,89.7,3,Internal carotid artery,11,1,1
119,F,77,0,0,1,0,0,0,2,2,180,5,9.5,8.9,9.2,622,545,Clipping,0,148,48,6.7,4.5,73.8,39.2,2892.96,1.551020408,,,,,167,,,4,Middle cerebral artery,3,0,0
120,F,77,0,0,1,1,1,0,5,5,135,1,5.3,5.89,5.595,128.87,163,Clipping,0,151,55.8,,4.3,56.1,31.9,1789.59,2.134796238,222,187,,132,104,5.7,50.2,2,Internal carotid artery,15.83,1,1
121,M,77,0,0,1,0,0,0,5,5,176,5,7.04,9.51,8.275,301,428,Clipping,0,175,52.6,7.5,4.5,86.4,49.3,4259.52,1.028397566,216,96,,109,186,5.4,59.5,2,Anterior communicating artery,4.42,1,1
122,F,78,0,0,1,0,,0,4,4,188,2,3.51,2.37,2.94,151,162,Clipping,1,148,41.4,,3.7,73.3,14.9,1092.17,5.711409396,,,,,126,,,3,Internal carotid artery,7.33,1,1
123,F,79,0,0,0,0,1,0,6,6,300,5,1.85,2.24,2.045,32.7,70.32,Conservative therapy,1,145,39.5,,3.2,195,9.3,1813.5,9.752688172,179,111,,,318,6.5,,4,Middle cerebral artery,4.85,1,1
124,F,79,0,0,1,0,0,0,4,4,160,5,3.32,3.1,3.21,167,153,Clipping,1,144,42.8,,,,,,,,,,,,,,3,Internal carotid artery,13,1,1
125,F,79,0,0,1,1,0,0,0,0,194,2,7.3,5.77,6.535,252,294,Clipping,0,142,49.5,6.8,4.1,68.5,43.8,3000.3,1.283105023,177,186,45.4,107,172,6,,3,Internal carotid artery,3.05,0,0
126,F,80,0,0,0,1,0,1,6,6,190,5,4.69,4.64,4.665,207,278,Clipping,1,144,50,,3.9,102.1,57.2,5840.12,0.7482517483,,,,,121,,79.5,4,Anterior communicating artery,8.09,1,1
127,M,80,1,1,1,0,0,0,0,0,144,1,3.66,3.13,3.395,102,121,Clipping,0,165,48,6.4,3.8,150.1,7.1,1065.71,13.08450704,153,63,,,170,5.2,,3,Internal carotid artery,8.1,0,0
128,F,81,0,0,0,1,,0,4,4,188,2,3.2,2.3,2.75,56,35,Coiling,0,162,55.8,8,4,62.2,46.5,2892.3,1.150537634,240,116,,165,132,,,3,Basilar artery,2.3,1,1
129,F,81,0,0,1,0,0,0,4,4,145,2,4.66,4.7,4.68,241,214,Clipping,1,146,40.2,,4.1,75,15.9,1192.5,5.289308176,206,109,,102,208,5.7,43.4,3,Internal carotid artery,6.6,1,1
130,F,81,0,0,0,0,0,0,2,2,,2,5,3.2,4.1,339,219,Clipping,1,142,43,7.8,4.6,73.6,13.3,978.88,6.518796992,,,,,228,,,3,Anterior communicating artery,5,0,0
131,F,82,0,0,1,,1,0,4,2,216,4,8.5,7.12,7.81,490,377,Clipping,,150,50,,4.3,77.7,56.4,4382.28,0.7730496454,236,198,,152,156,5.7,,4,Anterior communicating artery,6.57,1,0
132,F,83,1,0,0,0,0,0,6,6,140,5,2.18,2.13,2.155,45,72,Conservative therapy,,143.6,38.8,,2.4,147.7,29.3,4327.61,2.412969283,,,,,227,,369,3,Vertebral artery,4.5,1,1
133,F,83,,0,0,0,0,0,6,6,,5,4.68,5.74,5.21,198,299,Conservative therapy,0,,,7,4,50.5,41.6,2100.8,1.403846154,,,,,,,,3,Undetermined ,,1,1
134,F,84,0,0,1,1,0,0,1,1,147,2,3.6,3.09,3.345,122,127,Clipping,0,148,40.5,,4.5,75.3,10.4,783.12,8.615384615,203,60,,121,146,6.2,29.4,3,Internal carotid artery,2.44,0,0
135,F,84,0,0,1,0,0,1,6,6,132,5,5.66,3.38,4.52,126,88,Conservative therapy,0,140,35.7,7.7,4,114.8,25,2870,3,185,73,89.1,89,159,5.7,,3,Middle cerebral artery,7.06,1,1
136,F,84,0,0,1,1,0,0,4,4,124,4,6.13,4.8,5.465,139,122,Clipping,0,153,41.1,6.7,3.3,69,15.5,1069.5,5.451612903,140,119,43.7,80,176,,,3,Anterior cerebral artery,8.2,1,1
137,F,85,0,0,1,0,0,0,3,3,152,2,4.37,3.52,3.945,100,95,Clipping,0,148,43.5,6.6,3.5,95.4,10.9,1039.86,8.174311927,196,70,62.8,127,132,5.4,,2,Anterior communicating artery,5.34,1,1
138,F,85,0,0,0,0,0,0,6,6,160,1,7.14,4.67,5.905,210,263,Clipping,0,143,50,6.9,3.9,90.8,30.8,2796.64,2.246753247,,,,,144,6.3,,3,Anterior communicating artery,9,1,1
139,M,85,0,0,1,1,1,0,3,3,152,2,4.34,5.66,5,237,147,Clipping,0,162,53,,3.7,58.1,13.3,772.73,6.518796992,167,117,,,99,6.4,,3,Anterior communicating artery,3.72,1,1
140,F,85,0,0,1,0,0,0,3,3,110,4,7.7,7,7.35,204,267,Clipping,0,147,49,7.6,4.4,72.1,15.1,1088.71,5.622516556,156,74,56.2,89,157,5.6,,3,Middle cerebral artery,5.6,1,1
141,F,86,0,0,0,0,0,0,5,4,143,4,2.6,3.5,3.05,55,78,Clipping,1,145,36,6.8,4,174.5,6.4,1116.8,14.625,235,137,55.8,156,280,5.8,,3,Internal carotid artery,5.6,1,1
142,F,86,0,0,1,1,0,1,0,0,110,2,4.2,5,4.6,179,190,Clipping,0,145,43,7.4,4.3,60.2,44.7,2690.94,1.237136465,203,,69.1,115,141,5.8,,3,Middle cerebral artery,5.8,0,0
143,F,86,0,1,1,0,0,1,3,3,138,2,6.71,4.86,5.785,159,121,Clipping,0,150,45.1,6.7,4,139.5,6,837,15.66666667,500,59,82.6,103,239,,,3,Middle cerebral artery,5.26,1,1
144,M,88,0,0,1,1,0,1,0,0,131,1,5.24,5.07,5.155,321,228,Clipping,0,165,60,,3.6,73.2,6.3,461.16,14.87301587,,42,,71,141,6.1,,3,Middle cerebral artery,6.62,0,0
145,F,88,0,0,1,0,0,0,5,5,180,5,2.61,1.45,2.03,55,34,Conservative therapy,0,139,38.8,7,4,108.2,29.4,3181.08,2.401360544,170,76,60.4,102,179,5.8,,3,Internal carotid artery,2.4,1,1
146,F,88,0,0,1,0,0,0,4,4,177,2,3,2,2.5,54,46,Clipping,1,153,36.6,6.8,4.1,58.8,40.1,2357.88,1.493765586,163,43,67.6,86,127,5.4,,3,Anterior communicating artery,5.4,1,1
147,F,88,0,0,1,0,0,1,6,6,204,5,5.3,4.41,4.855,274,294,Conservative therapy,0,,,7.1,3.6,130,14,1820,6.142857143,190,146,65,107,201,6.1,,3,Anterior cerebral artery,8.27,1,1
148,F,89,0,0,1,0,0,1,6,6,192,5,3.56,3.33,3.445,92,105,Conservative therapy,,142,37,,4.6,44.8,35.7,1599.36,1.801120448,246,64,,151,170,5.5,,4,Basilar artery,9.72,1,1
149,F,91,0,0,1,0,0,0,5,5,152,5,2.2,2,2.1,60,50,Clipping,0,145,34,6.7,3.8,94.9,9.2,873.08,9.869565217,261,92,69.4,182,223,5.8,,4,Middle cerebral artery,10.2,1,1
150,M,93,1,0,1,0,0,1,2,2,153,1,4.2,5,4.6,235,276,Clipping,0,149,45.1,7.3,3.9,72,11,792,8.090909091,151,53,,,,,,2,Anterior communicating artery,6,0,0
151,F,93,0,0,1,0,0,0,4,4,132,2,3.84,3.7,3.77,92,93,Clipping,0,150,44.3,7.2,3.6,84.5,5.7,481.65,16.54385965,180,59,72.2,109,121,6.6,,3,Anterior cerebral artery,8,1,1
152,F,93,0,0,1,1,0,0,6,6,202,5,6.17,5.1,5.635,154,149,Conservative therapy,0,150.6,51.6,6.2,3.4,90.3,9.2,830.76,9.869565217,164,35,56.1,103,212,,,3,Internal carotid artery,10.7,1,1
153,F,96,0,0,1,0,0,0,5,4,133,2,1.9,3.36,2.63,26.4,76.3,Coiling,0,140,33.8,,3.5,54.6,10.8,589.68,8.259259259,,,,,149,5.6,,3,Internal carotid artery,14.16,1,1